,CROSS,MUT,PR_CROSS,PR_MUT,Av_Best,Peak_Best,Eff_1
0,cross_mix,mut_mix,0.6403626115076739,0.059613517224931,11.57602058382,10.887731018418,0.0024659009817260898
1,cross_mix,mut_mix,0.8152548809645942,0.189563480624418,12.1353633712623,11.630137496337099,0.00244965733019953
2,cross_mix,mut_mix,0.671734473849919,0.031792755141975,11.0484888273565,10.021675674451599,0.0025024929295665898
3,cross_mix,mut_mix,0.8701751687577371,0.17594978835037803,12.3695189706389,11.9040053972657,0.0024511414041826396
4,cross_mix,mut_mix,0.7504456200020351,0.129841287166798,11.7655231500981,10.5976772611071,0.00247278878594776
5,cross_mix,mut_mix,0.630086856620936,0.122062834310612,11.662127562158599,10.914773478819802,0.00245376346182466
6,cross_mix,mut_mix,0.5144292937446789,0.062891117917315,11.684686335324098,10.9042633719381,0.0024520118935980498
7,cross_mix,mut_mix,0.8014420212345559,0.0426828775971012,11.4959927067382,10.6218223394435,0.002500671875859
8,cross_mix,mut_mix,0.8012613366121442,0.0804465322213313,12.0047766861744,11.2984235952109,0.00247780776854612
9,cross_mix,mut_mix,0.820504476690582,0.0677997138430609,11.750523210731,11.095790392782302,0.0024509784404253897
10,cross_mix,mut_mix,0.787475325541648,0.147115619526805,11.711359549231698,9.99943718147024,0.00249577977735681
11,cross_mix,mut_mix,0.8789504387567579,0.15855037840975,11.9667222075807,11.4134585439398,0.0024744212742556
12,cross_mix,mut_mix,0.826539126908127,0.0873196493231008,12.1554356620736,11.3222161230669,0.0024479746927201897
13,cross_mix,mut_mix,0.587583180516818,0.08946576906639099,11.793940714277802,10.7339002311855,0.0024717110253825304
14,cross_mix,mut_mix,0.554081327870339,0.17008910733233198,12.1288858944863,11.4647261141099,0.0024164464809281897
15,cross_mix,mut_mix,0.910126869251182,0.0299440999294414,11.812575315387699,11.511047464358098,0.00247907846191415
16,cross_mix,mut_mix,0.7389050996871109,0.10621985010665501,11.4100954918238,10.5912913152713,0.0024910435870175197
17,cross_mix,mut_mix,0.7095967341818741,0.11697003076334199,11.678545457347,10.787514192595598,0.00246664380721265
18,cross_mix,mut_mix,0.7106034736726541,0.15733318188267098,11.6612814975291,11.157502230702901,0.00248662209737004
19,cross_mix,mut_mix,0.9675545637294671,0.155880092644829,12.4627881245257,11.799603620863302,0.00245963009512507
20,cross_mix,mut_inverse3,0.6403626115076739,0.059613517224931,11.586853905337698,10.485826477600199,0.00246039411366546
21,cross_mix,mut_inverse3,0.8152548809645942,0.189563480624418,12.3654982211989,11.748336417464499,0.00245073930378075
22,cross_mix,mut_inverse3,0.671734473849919,0.031792755141975,11.8062619311145,11.365338494207098,0.0024735497277692197
23,cross_mix,mut_inverse3,0.8701751687577371,0.17594978835037803,12.105916230311301,10.5787102621315,0.00246249289162424
24,cross_mix,mut_inverse3,0.7504456200020351,0.129841287166798,11.9635472305597,11.329454941400199,0.00245791724378172
25,cross_mix,mut_inverse3,0.630086856620936,0.122062834310612,11.7697205363519,11.129548225301,0.00245221613752237
26,cross_mix,mut_inverse3,0.5144292937446789,0.062891117917315,11.945708169407801,11.3910439727783,0.0024429080854869393
27,cross_mix,mut_inverse3,0.8014420212345559,0.0426828775971012,11.903615737117601,10.631870632670301,0.00246660064254112
28,cross_mix,mut_inverse3,0.8012613366121442,0.0804465322213313,11.9918331236673,10.9536001992471,0.0024788570598334
29,cross_mix,mut_inverse3,0.820504476690582,0.0677997138430609,11.7485244786135,10.8042321143342,0.00249344877252189
30,cross_mix,mut_inverse3,0.787475325541648,0.147115619526805,12.3225573038368,11.1510598559455,0.0024655845902267397
31,cross_mix,mut_inverse3,0.8789504387567579,0.15855037840975,12.2088345406194,11.5360566080842,0.0024401128744197397
32,cross_mix,mut_inverse3,0.826539126908127,0.0873196493231008,12.0045000481015,11.116565946951802,0.0024589835127447304
33,cross_mix,mut_inverse3,0.587583180516818,0.08946576906639099,12.127128430885199,11.4655636341221,0.00243995421919627
34,cross_mix,mut_inverse3,0.554081327870339,0.17008910733233198,11.6748096591623,10.5005104048343,0.00244054212312762
35,cross_mix,mut_inverse3,0.910126869251182,0.0299440999294414,12.045301825072,11.042721098693399,0.00247441271889695
36,cross_mix,mut_inverse3,0.7389050996871109,0.10621985010665501,11.6910687415467,10.962231803369301,0.00246548294320398
37,cross_mix,mut_inverse3,0.7095967341818741,0.11697003076334199,11.8941279857693,11.034980370070901,0.0024358047445103797
38,cross_mix,mut_inverse3,0.7106034736726541,0.15733318188267098,12.0143446536345,11.2892416400109,0.00244442386594067
39,cross_mix,mut_inverse3,0.9675545637294671,0.155880092644829,12.5041611543324,11.5148133486034,0.00245051409948879
40,cross_mix,mut_PSM,0.6403626115076739,0.059613517224931,11.887760625724402,11.222252483383802,0.0024514588998492803
41,cross_mix,mut_PSM,0.8152548809645942,0.189563480624418,11.825943581651002,11.1533561000544,0.00246833796431209
42,cross_mix,mut_PSM,0.671734473849919,0.031792755141975,11.881899037897,10.8704545859934,0.00245115589725356
43,cross_mix,mut_PSM,0.8701751687577371,0.17594978835037803,11.969619998314302,11.303340099466,0.00246893031665975
44,cross_mix,mut_PSM,0.7504456200020351,0.129841287166798,11.8347790370467,11.073911662525001,0.0024706404665162003
45,cross_mix,mut_PSM,0.630086856620936,0.122062834310612,11.582135798910999,11.2163427507023,0.00246350911306469
46,cross_mix,mut_PSM,0.5144292937446789,0.062891117917315,12.1939198480248,11.2135810167774,0.00243360136493359
47,cross_mix,mut_PSM,0.8014420212345559,0.0426828775971012,11.9352237406057,10.5903652091992,0.00245776126522113
48,cross_mix,mut_PSM,0.8012613366121442,0.0804465322213313,11.521833184735,10.750333783526301,0.00248253290899955
49,cross_mix,mut_PSM,0.820504476690582,0.0677997138430609,11.912126358892,10.973374652453401,0.00246258345466693
50,cross_mix,mut_PSM,0.787475325541648,0.147115619526805,11.375559494945,10.389682771552499,0.00247975722680071
51,cross_mix,mut_PSM,0.8789504387567579,0.15855037840975,12.2843888372838,10.991309474031501,0.0024590689493755504
52,cross_mix,mut_PSM,0.826539126908127,0.0873196493231008,11.6374913576985,10.8152596619591,0.0024728466183516606
53,cross_mix,mut_PSM,0.587583180516818,0.08946576906639099,11.582842542780002,10.2951785855789,0.00244591471390945
54,cross_mix,mut_PSM,0.554081327870339,0.17008910733233198,12.102464382212201,11.2155687021628,0.00241974768635137
55,cross_mix,mut_PSM,0.910126869251182,0.0299440999294414,12.306679400531001,11.3414386485095,0.0024489774985541
56,cross_mix,mut_PSM,0.7389050996871109,0.10621985010665501,11.717021566540199,10.7521674140858,0.00247727729977678
57,cross_mix,mut_PSM,0.7095967341818741,0.11697003076334199,11.7250614101156,10.4381639261578,0.00245151663356155
58,cross_mix,mut_PSM,0.7106034736726541,0.15733318188267098,11.722742999579001,10.7205920622524,0.0024438361193194103
59,cross_mix,mut_PSM,0.9675545637294671,0.155880092644829,12.531905116136699,11.2484649284479,0.0024543278265735
60,cross_mix,mut_RSM,0.6403626115076739,0.059613517224931,11.4747349656848,10.333256027278699,0.00247335044068796
61,cross_mix,mut_RSM,0.8152548809645942,0.189563480624418,12.0912146278871,10.8509842382585,0.00245939844591964
62,cross_mix,mut_RSM,0.671734473849919,0.031792755141975,11.6664975795837,10.745439605462,0.00246166638714577
63,cross_mix,mut_RSM,0.8701751687577371,0.17594978835037803,11.9997114962148,11.347941147869802,0.0024795245532630602
64,cross_mix,mut_RSM,0.7504456200020351,0.129841287166798,11.6992983257728,10.863838998936698,0.0025015857276057697
65,cross_mix,mut_RSM,0.630086856620936,0.122062834310612,11.561479878389498,10.687830683093901,0.00245402014980389
66,cross_mix,mut_RSM,0.5144292937446789,0.062891117917315,12.214387620142698,11.870570244235301,0.00240188003479364
67,cross_mix,mut_RSM,0.8014420212345559,0.0426828775971012,11.539881446470499,10.4170609924494,0.00248340304158144
68,cross_mix,mut_RSM,0.8012613366121442,0.0804465322213313,11.6781625998595,10.7418525140706,0.00246995144740254
69,cross_mix,mut_RSM,0.820504476690582,0.0677997138430609,11.8069199379437,10.211403254977,0.00247587554805681
70,cross_mix,mut_RSM,0.787475325541648,0.147115619526805,12.0392075630376,11.0867713015148,0.00246299671303102
71,cross_mix,mut_RSM,0.8789504387567579,0.15855037840975,12.1544915609249,11.559842286414302,0.00245418580709043
72,cross_mix,mut_RSM,0.826539126908127,0.0873196493231008,11.691939418545498,11.100368580648901,0.00247173928854651
73,cross_mix,mut_RSM,0.587583180516818,0.08946576906639099,11.596609615985901,10.7691021810128,0.0024617047964513895
74,cross_mix,mut_RSM,0.554081327870339,0.17008910733233198,11.1703912263331,10.5782446550643,0.0024904223662942605
75,cross_mix,mut_RSM,0.910126869251182,0.0299440999294414,11.765321535645098,11.3232041998245,0.00247328609756017
76,cross_mix,mut_RSM,0.7389050996871109,0.10621985010665501,11.5436084744191,10.189461121171801,0.0024822147355886602
77,cross_mix,mut_RSM,0.7095967341818741,0.11697003076334199,11.3874139520182,10.5635814991334,0.0025083760215089197
78,cross_mix,mut_RSM,0.7106034736726541,0.15733318188267098,11.641144531879,10.9852154097551,0.00248044282970111
79,cross_mix,mut_RSM,0.9675545637294671,0.155880092644829,12.471015327395198,11.288366545786701,0.0024572417539243303
80,cross_ERX,mut_mix,0.6403626115076739,0.059613517224931,17.835132442635697,16.8306407134147,0.0017883469519850799
81,cross_ERX,mut_mix,0.8152548809645942,0.189563480624418,18.1754815711293,16.7010794943556,0.0017909968977611601
82,cross_ERX,mut_mix,0.671734473849919,0.031792755141975,17.788731377235898,16.005032394992,0.0018003191914485002
83,cross_ERX,mut_mix,0.8701751687577371,0.17594978835037803,18.14658313021,17.1357715659765,0.0017962520850917103
84,cross_ERX,mut_mix,0.7504456200020351,0.129841287166798,18.139518147024898,17.4661080752024,0.0017860682176259598
85,cross_ERX,mut_mix,0.630086856620936,0.122062834310612,18.1435719527581,17.296090631294902,0.0017798264675977901
86,cross_ERX,mut_mix,0.5144292937446789,0.062891117917315,18.869870146791698,18.134303792830103,0.0017657634300894398
87,cross_ERX,mut_mix,0.8014420212345559,0.0426828775971012,17.8450947320983,17.080433852541002,0.00179447870753088
88,cross_ERX,mut_mix,0.8012613366121442,0.0804465322213313,18.422916618863002,17.3547033487597,0.0017954473441889897
89,cross_ERX,mut_mix,0.820504476690582,0.0677997138430609,18.333438824311198,16.7878277870808,0.0017905595748355701
90,cross_ERX,mut_mix,0.787475325541648,0.147115619526805,18.0937061193614,17.4350596215426,0.0017936592866540802
91,cross_ERX,mut_mix,0.8789504387567579,0.15855037840975,17.853399688057,16.8732509809983,0.0018059314720804901
92,cross_ERX,mut_mix,0.826539126908127,0.0873196493231008,18.0004709927263,16.8364690348474,0.00179940061601503
93,cross_ERX,mut_mix,0.587583180516818,0.08946576906639099,18.294318154417,17.239694843356098,0.0017762697411006197
94,cross_ERX,mut_mix,0.554081327870339,0.17008910733233198,18.570781427874397,17.8638870454113,0.0017738656176649699
95,cross_ERX,mut_mix,0.910126869251182,0.0299440999294414,18.1204019651448,17.4840690897596,0.0017916876492907103
96,cross_ERX,mut_mix,0.7389050996871109,0.10621985010665501,18.393351507453197,17.5697748927303,0.0017831977228487
97,cross_ERX,mut_mix,0.7095967341818741,0.11697003076334199,17.7631079117937,16.8373302206521,0.0017965915536706303
98,cross_ERX,mut_mix,0.7106034736726541,0.15733318188267098,18.042181794635,16.7704647584194,0.0017885690850532202
99,cross_ERX,mut_mix,0.9675545637294671,0.155880092644829,18.2420986028648,16.9683435537065,0.00179453587839611
100,cross_ERX,mut_inverse3,0.6403626115076739,0.059613517224931,17.915698448127397,16.9634780569982,0.00178691602125649
101,cross_ERX,mut_inverse3,0.8152548809645942,0.189563480624418,18.0989378047897,17.255794165751702,0.0017901843194286303
102,cross_ERX,mut_inverse3,0.671734473849919,0.031792755141975,17.7504914827756,16.5295623756095,0.00178985432165754
103,cross_ERX,mut_inverse3,0.8701751687577371,0.17594978835037803,18.250698459505802,16.4447394531144,0.0017904532083479602
104,cross_ERX,mut_inverse3,0.7504456200020351,0.129841287166798,18.268404846447197,17.3536212224522,0.00178738024341109
105,cross_ERX,mut_inverse3,0.630086856620936,0.122062834310612,18.0692562333678,17.002383537604597,0.0017959972631881502
106,cross_ERX,mut_inverse3,0.5144292937446789,0.062891117917315,18.8261281763521,18.037135446133497,0.0017527420436119299
107,cross_ERX,mut_inverse3,0.8014420212345559,0.0426828775971012,17.6310081174866,16.424985298039,0.00179477003634917
108,cross_ERX,mut_inverse3,0.8012613366121442,0.0804465322213313,18.164574897347,17.774235516902603,0.0017952339513589396
109,cross_ERX,mut_inverse3,0.820504476690582,0.0677997138430609,17.838210927691602,16.6407931442372,0.00179780294505141
110,cross_ERX,mut_inverse3,0.787475325541648,0.147115619526805,17.737583918389,17.0353912684007,0.0017983778544660898
111,cross_ERX,mut_inverse3,0.8789504387567579,0.15855037840975,18.2373204354839,17.1929629830558,0.00179301796191305
112,cross_ERX,mut_inverse3,0.826539126908127,0.0873196493231008,18.1893255372443,17.3981552608693,0.0017911844652622896
113,cross_ERX,mut_inverse3,0.587583180516818,0.08946576906639099,18.6625638385952,17.7670969510791,0.0017618252258951401
114,cross_ERX,mut_inverse3,0.554081327870339,0.17008910733233198,18.4158650382648,17.7078016418825,0.0017779146007670102
115,cross_ERX,mut_inverse3,0.910126869251182,0.0299440999294414,17.983380869822,17.2443140823932,0.00179448336508605
116,cross_ERX,mut_inverse3,0.7389050996871109,0.10621985010665501,17.9573985881707,17.2779177445655,0.0017931103501645498
117,cross_ERX,mut_inverse3,0.7095967341818741,0.11697003076334199,18.1649507649491,17.2064950856384,0.00179190000309853
118,cross_ERX,mut_inverse3,0.7106034736726541,0.15733318188267098,18.213438994022,17.381486277817,0.0017865103668499695
119,cross_ERX,mut_inverse3,0.9675545637294671,0.155880092644829,18.020007917148,17.1173090428079,0.0017973194986232396
120,cross_ERX,mut_PSM,0.6403626115076739,0.059613517224931,17.9805775310808,16.700149063667098,0.0017789067536380398
121,cross_ERX,mut_PSM,0.8152548809645942,0.189563480624418,18.0497299254605,16.6978754652085,0.0017969033912042201
122,cross_ERX,mut_PSM,0.671734473849919,0.031792755141975,18.146551914569603,17.4783385088488,0.0017864090492689699
123,cross_ERX,mut_PSM,0.8701751687577371,0.17594978835037803,18.0034498252183,17.1198561675223,0.0017908165878783
124,cross_ERX,mut_PSM,0.7504456200020351,0.129841287166798,17.8976297381758,17.2185270491283,0.00179654293099764
125,cross_ERX,mut_PSM,0.630086856620936,0.122062834310612,18.114459714044003,17.23526061405,0.0017901764509355104
126,cross_ERX,mut_PSM,0.5144292937446789,0.062891117917315,18.110165862677103,17.617897837726897,0.00178943608557489
127,cross_ERX,mut_PSM,0.8014420212345559,0.0426828775971012,17.9239038962187,17.2787100858815,0.0017969222695377
128,cross_ERX,mut_PSM,0.8012613366121442,0.0804465322213313,18.1637512119978,17.6649912052467,0.0018030046963748297
129,cross_ERX,mut_PSM,0.820504476690582,0.0677997138430609,17.7528246123354,16.8527484922711,0.0017907390810582
130,cross_ERX,mut_PSM,0.787475325541648,0.147115619526805,17.958865104292,16.9765910220806,0.0017920413687714301
131,cross_ERX,mut_PSM,0.8789504387567579,0.15855037840975,18.5860678681977,17.607031194716,0.0017902341968054198
132,cross_ERX,mut_PSM,0.826539126908127,0.0873196493231008,17.7839114488267,16.847267811870697,0.00179391605792659
133,cross_ERX,mut_PSM,0.587583180516818,0.08946576906639099,18.212850458050198,17.6776500442851,0.0017969256823957501
134,cross_ERX,mut_PSM,0.554081327870339,0.17008910733233198,18.422393936707397,17.654321218523897,0.0017773466863743202
135,cross_ERX,mut_PSM,0.910126869251182,0.0299440999294414,17.768870007083898,17.0070427619151,0.00180322348372129
136,cross_ERX,mut_PSM,0.7389050996871109,0.10621985010665501,17.8954538000942,17.248443915889002,0.0017875861025213602
137,cross_ERX,mut_PSM,0.7095967341818741,0.11697003076334199,18.080369888331603,17.342780721222802,0.0017856847567021103
138,cross_ERX,mut_PSM,0.7106034736726541,0.15733318188267098,18.268322450933002,17.024737015737198,0.00178042273838142
139,cross_ERX,mut_PSM,0.9675545637294671,0.155880092644829,18.3995942652029,17.5998704939029,0.0017954675863674498
140,cross_ERX,mut_RSM,0.6403626115076739,0.059613517224931,18.012048384273697,17.2559999586702,0.0017894913257844103
141,cross_ERX,mut_RSM,0.8152548809645942,0.189563480624418,17.8869969652667,17.0031694852278,0.0017808253933906198
142,cross_ERX,mut_RSM,0.671734473849919,0.031792755141975,17.904039263714,17.4559784076443,0.0017905662733059197
143,cross_ERX,mut_RSM,0.8701751687577371,0.17594978835037803,18.4827478720155,17.5078981257447,0.00179042471577078
144,cross_ERX,mut_RSM,0.7504456200020351,0.129841287166798,18.0541118825937,16.8416967593372,0.0017894865710668304
145,cross_ERX,mut_RSM,0.630086856620936,0.122062834310612,18.2822358266692,17.6808042173295,0.0017856085604226102
146,cross_ERX,mut_RSM,0.5144292937446789,0.062891117917315,18.549356123548698,17.2649912152247,0.00177217848254073
147,cross_ERX,mut_RSM,0.8014420212345559,0.0426828775971012,17.4242769879748,16.6584725299607,0.0017953961785357397
148,cross_ERX,mut_RSM,0.8012613366121442,0.0804465322213313,17.8130185074053,16.7621286024745,0.0017928033949866395
149,cross_ERX,mut_RSM,0.820504476690582,0.0677997138430609,17.6350391297272,16.9117659495477,0.00180115899789259
150,cross_ERX,mut_RSM,0.787475325541648,0.147115619526805,17.9451868144074,17.1471025285922,0.00179174644513795
151,cross_ERX,mut_RSM,0.8789504387567579,0.15855037840975,17.921617955185898,16.608670807265998,0.0017969041691202
152,cross_ERX,mut_RSM,0.826539126908127,0.0873196493231008,17.725481630402697,16.7005076589628,0.0018020427251317999
153,cross_ERX,mut_RSM,0.587583180516818,0.08946576906639099,17.9555203221418,16.066982734554,0.0017824377542768103
154,cross_ERX,mut_RSM,0.554081327870339,0.17008910733233198,18.2286634912992,17.5327124810283,0.00177891791333262
155,cross_ERX,mut_RSM,0.910126869251182,0.0299440999294414,17.8512803005269,17.4093074596389,0.0018136666638633703
156,cross_ERX,mut_RSM,0.7389050996871109,0.10621985010665501,18.176049370544398,17.1552563776018,0.0017858790131140697
157,cross_ERX,mut_RSM,0.7095967341818741,0.11697003076334199,18.1593934593807,17.1175200941486,0.0017795132627935898
158,cross_ERX,mut_RSM,0.7106034736726541,0.15733318188267098,18.049465006174103,16.6520215638762,0.0017943678808011202
159,cross_ERX,mut_RSM,0.9675545637294671,0.155880092644829,17.9676834861058,16.6734538870171,0.00178764355864392
160,cross_OX,mut_mix,0.6403626115076739,0.059613517224931,20.3613893107732,19.6227646318968,0.0017193601808227499
161,cross_OX,mut_mix,0.8152548809645942,0.189563480624418,20.2484642095765,19.3072406394146,0.0017233176207835
162,cross_OX,mut_mix,0.671734473849919,0.031792755141975,20.427487769929996,19.4131320293071,0.00172843950612535
163,cross_OX,mut_mix,0.8701751687577371,0.17594978835037803,20.5918367561547,19.465129415641698,0.0017165598453814598
164,cross_OX,mut_mix,0.7504456200020351,0.129841287166798,20.2727361018603,19.3682592332054,0.0017276526604172802
165,cross_OX,mut_mix,0.630086856620936,0.122062834310612,20.4327154207933,19.633480442491,0.00172166142086514
166,cross_OX,mut_mix,0.5144292937446789,0.062891117917315,21.1039253055795,19.645377694941,0.0016981846637979098
167,cross_OX,mut_mix,0.8014420212345559,0.0426828775971012,20.0620790899918,19.119407276937398,0.0017244503062040697
168,cross_OX,mut_mix,0.8012613366121442,0.0804465322213313,19.967348531387202,18.8016909440026,0.0017341970711451798
169,cross_OX,mut_mix,0.820504476690582,0.0677997138430609,20.1377677979702,18.8859668480947,0.0017277213792348098
170,cross_OX,mut_mix,0.787475325541648,0.147115619526805,20.4848539874121,19.9010381404481,0.0017126029943613699
171,cross_OX,mut_mix,0.8789504387567579,0.15855037840975,20.2807274597206,19.798152788651603,0.0017203372635398399
172,cross_OX,mut_mix,0.826539126908127,0.0873196493231008,20.128068234413302,19.200827261118697,0.00172791653989754
173,cross_OX,mut_mix,0.587583180516818,0.08946576906639099,20.5455513071055,19.5275731683198,0.00171556412352672
174,cross_OX,mut_mix,0.554081327870339,0.17008910733233198,21.1383571935947,20.223680558214,0.0017012268559408602
175,cross_OX,mut_mix,0.910126869251182,0.0299440999294414,20.0048713372997,18.8803382823204,0.0017330961304748002
176,cross_OX,mut_mix,0.7389050996871109,0.10621985010665501,20.25869100613,18.9365724776735,0.00171991237836794
177,cross_OX,mut_mix,0.7095967341818741,0.11697003076334199,20.5548973424227,19.6623007986477,0.0017144164296105803
178,cross_OX,mut_mix,0.7106034736726541,0.15733318188267098,20.5503924924802,19.560000636446397,0.0017218216825778399
179,cross_OX,mut_mix,0.9675545637294671,0.155880092644829,20.429226742853302,19.552638959050398,0.0017203836457782998
180,cross_OX,mut_inverse3,0.6403626115076739,0.059613517224931,20.418233428395396,19.7386123336818,0.0017205936671401698
181,cross_OX,mut_inverse3,0.8152548809645942,0.189563480624418,20.337834978515197,19.029017015001102,0.0017196749778200001
182,cross_OX,mut_inverse3,0.671734473849919,0.031792755141975,20.6767809420935,20.026975005260898,0.00171792191901127
183,cross_OX,mut_inverse3,0.8701751687577371,0.17594978835037803,20.3445201935661,19.379269860576,0.0017139811489835898
184,cross_OX,mut_inverse3,0.7504456200020351,0.129841287166798,20.070620887433897,19.7004308104136,0.0017360484589684603
185,cross_OX,mut_inverse3,0.630086856620936,0.122062834310612,20.433262338011602,18.8000912514421,0.0017330373337062302
186,cross_OX,mut_inverse3,0.5144292937446789,0.062891117917315,20.7623214878895,19.216446884221998,0.0017153878553690103
187,cross_OX,mut_inverse3,0.8014420212345559,0.0426828775971012,20.3085617154282,19.7249937752518,0.0017251021933463503
188,cross_OX,mut_inverse3,0.8012613366121442,0.0804465322213313,20.0055544863687,19.065955729520603,0.0017420501544412402
189,cross_OX,mut_inverse3,0.820504476690582,0.0677997138430609,20.1893453462313,19.3699604850589,0.0017323440846732199
190,cross_OX,mut_inverse3,0.787475325541648,0.147115619526805,20.5011322088746,19.5817703631513,0.00171874844118102
191,cross_OX,mut_inverse3,0.8789504387567579,0.15855037840975,20.381680119937002,19.6073838812748,0.00171094484007702
192,cross_OX,mut_inverse3,0.826539126908127,0.0873196493231008,20.1302382373819,19.6293481665879,0.0017223851172970999
193,cross_OX,mut_inverse3,0.587583180516818,0.08946576906639099,21.0718733988065,19.7126793188753,0.00170203861238677
194,cross_OX,mut_inverse3,0.554081327870339,0.17008910733233198,20.6194500578688,19.590304171924,0.00171900274369484
195,cross_OX,mut_inverse3,0.910126869251182,0.0299440999294414,20.054166544804897,19.483341179417398,0.0017301220492728603
196,cross_OX,mut_inverse3,0.7389050996871109,0.10621985010665501,20.259069450648397,19.4860430315533,0.00172320349156234
197,cross_OX,mut_inverse3,0.7095967341818741,0.11697003076334199,20.645016389098398,19.9446214802769,0.0017215165118515598
198,cross_OX,mut_inverse3,0.7106034736726541,0.15733318188267098,20.6977596949752,19.7716092671,0.0017238534702841198
199,cross_OX,mut_inverse3,0.9675545637294671,0.155880092644829,19.977631334337897,18.5267616742663,0.00173063804964602
200,cross_OX,mut_PSM,0.6403626115076739,0.059613517224931,20.6401544283435,19.5137916039778,0.00171227742058961
201,cross_OX,mut_PSM,0.8152548809645942,0.189563480624418,20.033524223714,18.9815833465633,0.0017312730314961603
202,cross_OX,mut_PSM,0.671734473849919,0.031792755141975,20.5734970457293,20.038236814688002,0.00171375684408581
203,cross_OX,mut_PSM,0.8701751687577371,0.17594978835037803,20.4169737412724,19.656306747061,0.0017229661522730202
204,cross_OX,mut_PSM,0.7504456200020351,0.129841287166798,20.4270722555062,19.3067395157002,0.00171383045275564
205,cross_OX,mut_PSM,0.630086856620936,0.122062834310612,20.6749344438583,19.6383779159214,0.0017116690910154197
206,cross_OX,mut_PSM,0.5144292937446789,0.062891117917315,21.410692075206303,20.687241993856603,0.00170152902961433
207,cross_OX,mut_PSM,0.8014420212345559,0.0426828775971012,20.164421101844802,19.2307969537532,0.0017196149801000501
208,cross_OX,mut_PSM,0.8012613366121442,0.0804465322213313,20.1084018060182,18.8112861283078,0.0017239003193326998
209,cross_OX,mut_PSM,0.820504476690582,0.0677997138430609,20.0293194587357,18.9912005422154,0.0017212844682062904
210,cross_OX,mut_PSM,0.787475325541648,0.147115619526805,20.205649456505,19.3533149230086,0.00172879305561428
211,cross_OX,mut_PSM,0.8789504387567579,0.15855037840975,20.091056272935898,18.9104842116917,0.0017185855534449998
212,cross_OX,mut_PSM,0.826539126908127,0.0873196493231008,20.3432564539786,19.6250116812145,0.0017183224153350398
213,cross_OX,mut_PSM,0.587583180516818,0.08946576906639099,21.0363177283844,20.1902972781305,0.0017020944913805599
214,cross_OX,mut_PSM,0.554081327870339,0.17008910733233198,20.7914564761301,19.989622784372603,0.00171232471660646
215,cross_OX,mut_PSM,0.910126869251182,0.0299440999294414,20.098079926649,18.741233934617,0.0017266292539056902
216,cross_OX,mut_PSM,0.7389050996871109,0.10621985010665501,20.316012882861,19.5881833611928,0.0017224547220508898
217,cross_OX,mut_PSM,0.7095967341818741,0.11697003076334199,20.4294793498694,19.35747201387,0.0017228418478305802
218,cross_OX,mut_PSM,0.7106034736726541,0.15733318188267098,20.4248255566828,19.808891359169,0.0017153576326387802
219,cross_OX,mut_PSM,0.9675545637294671,0.155880092644829,20.1779434199417,19.1842868055824,0.0017317624564115197
220,cross_OX,mut_RSM,0.6403626115076739,0.059613517224931,20.5186105203331,19.9681281846045,0.0017173594846080704
221,cross_OX,mut_RSM,0.8152548809645942,0.189563480624418,20.184493047014,19.2601323132398,0.0017246821149991402
222,cross_OX,mut_RSM,0.671734473849919,0.031792755141975,20.4622078315584,19.559084104888,0.00171812650997033
223,cross_OX,mut_RSM,0.8701751687577371,0.17594978835037803,20.2229414984784,19.571764584204,0.0017281026945642596
224,cross_OX,mut_RSM,0.7504456200020351,0.129841287166798,20.495181984842397,19.8229569403675,0.00171867254694441
225,cross_OX,mut_RSM,0.630086856620936,0.122062834310612,20.4117761728235,19.824035183238102,0.0017242073752208804
226,cross_OX,mut_RSM,0.5144292937446789,0.062891117917315,20.9241301649735,20.1947801663622,0.0017169524693775304
227,cross_OX,mut_RSM,0.8014420212345559,0.0426828775971012,20.153115424632603,19.2627078355262,0.00172342660775692
228,cross_OX,mut_RSM,0.8012613366121442,0.0804465322213313,20.0676112761617,19.4388621795301,0.0017207134471365199
229,cross_OX,mut_RSM,0.820504476690582,0.0677997138430609,20.2331251884014,19.7517294599242,0.00172526677374666
230,cross_OX,mut_RSM,0.787475325541648,0.147115619526805,20.063823900889197,19.4512908120715,0.0017252217434164299
231,cross_OX,mut_RSM,0.8789504387567579,0.15855037840975,20.4219482248598,19.4643291844282,0.0017299817327463905
232,cross_OX,mut_RSM,0.826539126908127,0.0873196493231008,20.1010803358321,19.524970327770898,0.0017298378436031504
233,cross_OX,mut_RSM,0.587583180516818,0.08946576906639099,20.5218765591263,19.4010870351376,0.0017107949274357697
234,cross_OX,mut_RSM,0.554081327870339,0.17008910733233198,20.681834093383397,20.324233179464,0.0017151384446989402
235,cross_OX,mut_RSM,0.910126869251182,0.0299440999294414,19.9267120655383,17.690898941197,0.00173775607677469
236,cross_OX,mut_RSM,0.7389050996871109,0.10621985010665501,20.202946716222502,19.426220663247896,0.00172675443797054
237,cross_OX,mut_RSM,0.7095967341818741,0.11697003076334199,20.4458980099261,19.466162682069303,0.0017167056128606195
238,cross_OX,mut_RSM,0.7106034736726541,0.15733318188267098,20.5293958146473,19.8905409763493,0.0017138238174790401
239,cross_OX,mut_RSM,0.9675545637294671,0.155880092644829,19.9844599734192,18.4027833116935,0.0017326417385209697
240,cross_rand_sequential_constructive,mut_mix,0.6403626115076739,0.059613517224931,25.5965091007282,24.996774882799397,0.0016166718271449498
241,cross_rand_sequential_constructive,mut_mix,0.8152548809645942,0.189563480624418,25.6552357487986,24.571700232164,0.00160588999985155
242,cross_rand_sequential_constructive,mut_mix,0.671734473849919,0.031792755141975,25.8749115839464,25.4799523391419,0.0016090798824846698
243,cross_rand_sequential_constructive,mut_mix,0.8701751687577371,0.17594978835037803,25.4444341447439,24.6400914783395,0.0015937755351640697
244,cross_rand_sequential_constructive,mut_mix,0.7504456200020351,0.129841287166798,25.8406326812807,24.432773794271696,0.0015995292842336903
245,cross_rand_sequential_constructive,mut_mix,0.630086856620936,0.122062834310612,25.214005320756304,24.6158310917935,0.0016106423690174698
246,cross_rand_sequential_constructive,mut_mix,0.5144292937446789,0.062891117917315,25.3404623515596,24.407265288193003,0.0016067795489172801
247,cross_rand_sequential_constructive,mut_mix,0.8014420212345559,0.0426828775971012,26.025485028722702,24.803337562245396,0.00158623773650793
248,cross_rand_sequential_constructive,mut_mix,0.8012613366121442,0.0804465322213313,25.8331373514817,24.654179907457,0.0016088850005195998
249,cross_rand_sequential_constructive,mut_mix,0.820504476690582,0.0677997138430609,26.020985592802703,25.0172276236838,0.0015902966106017499
250,cross_rand_sequential_constructive,mut_mix,0.787475325541648,0.147115619526805,25.3788365474489,24.195281246769902,0.0015939434265987101
251,cross_rand_sequential_constructive,mut_mix,0.8789504387567579,0.15855037840975,26.059363152864698,24.4756771887743,0.00158948129790427
252,cross_rand_sequential_constructive,mut_mix,0.826539126908127,0.0873196493231008,25.936047063835602,24.589894671564497,0.0015943364677330298
253,cross_rand_sequential_constructive,mut_mix,0.587583180516818,0.08946576906639099,25.116672827058803,24.5677923140342,0.0016313254914454903
254,cross_rand_sequential_constructive,mut_mix,0.554081327870339,0.17008910733233198,24.8543947045425,24.0966143880643,0.00161366924971736
255,cross_rand_sequential_constructive,mut_mix,0.910126869251182,0.0299440999294414,27.117821733400802,26.130629786395396,0.0015734664899714498
256,cross_rand_sequential_constructive,mut_mix,0.7389050996871109,0.10621985010665501,25.1583495489011,23.997852321459302,0.0016118175335779
257,cross_rand_sequential_constructive,mut_mix,0.7095967341818741,0.11697003076334199,25.065952592855503,24.2280460705417,0.00162004610418364
258,cross_rand_sequential_constructive,mut_mix,0.7106034736726541,0.15733318188267098,24.8274432557185,24.075857330658003,0.00161934220392543
259,cross_rand_sequential_constructive,mut_mix,0.9675545637294671,0.155880092644829,27.0419363626289,25.9595977287309,0.0015808838380029803
260,cross_rand_sequential_constructive,mut_inverse3,0.6403626115076739,0.059613517224931,24.826546814686303,23.5270166071851,0.0016121722867574202
261,cross_rand_sequential_constructive,mut_inverse3,0.8152548809645942,0.189563480624418,24.9078640014055,23.4620204631244,0.0016145667282702696
262,cross_rand_sequential_constructive,mut_inverse3,0.671734473849919,0.031792755141975,25.6626346523697,24.27791774923,0.00159813398326772
263,cross_rand_sequential_constructive,mut_inverse3,0.8701751687577371,0.17594978835037803,25.6482862990341,24.950586430559802,0.0015954366724136402
264,cross_rand_sequential_constructive,mut_inverse3,0.7504456200020351,0.129841287166798,24.1372622317426,22.216747563709898,0.0016301866219860597
265,cross_rand_sequential_constructive,mut_inverse3,0.630086856620936,0.122062834310612,24.3474956578146,23.384138601058996,0.00161856106292944
266,cross_rand_sequential_constructive,mut_inverse3,0.5144292937446789,0.062891117917315,24.558232286038102,22.0312569728582,0.00162233048015888
267,cross_rand_sequential_constructive,mut_inverse3,0.8014420212345559,0.0426828775971012,25.557956628610395,24.8284087974185,0.00159302577022535
268,cross_rand_sequential_constructive,mut_inverse3,0.8012613366121442,0.0804465322213313,25.2788843063335,24.5491565855469,0.0016025597301884697
269,cross_rand_sequential_constructive,mut_inverse3,0.820504476690582,0.0677997138430609,25.0723383058816,23.375580338861198,0.00160684382959655
270,cross_rand_sequential_constructive,mut_inverse3,0.787475325541648,0.147115619526805,24.547778622687698,23.840758334840604,0.0016203706612166798
271,cross_rand_sequential_constructive,mut_inverse3,0.8789504387567579,0.15855037840975,24.7225316664042,23.8890786107841,0.00160419511898963
272,cross_rand_sequential_constructive,mut_inverse3,0.826539126908127,0.0873196493231008,25.2007800398874,24.5109907459418,0.0015991133533794699
273,cross_rand_sequential_constructive,mut_inverse3,0.587583180516818,0.08946576906639099,24.3459226219809,23.8194664050603,0.00161084646517409
274,cross_rand_sequential_constructive,mut_inverse3,0.554081327870339,0.17008910733233198,24.0768369988376,23.3511611139885,0.00163021363779244
275,cross_rand_sequential_constructive,mut_inverse3,0.910126869251182,0.0299440999294414,26.0996217841629,25.032467216414,0.00159549552035303
276,cross_rand_sequential_constructive,mut_inverse3,0.7389050996871109,0.10621985010665501,24.8550515681352,23.5782373036631,0.0016022753598437698
277,cross_rand_sequential_constructive,mut_inverse3,0.7095967341818741,0.11697003076334199,24.5369357664473,22.859527701940998,0.0016222680495572
278,cross_rand_sequential_constructive,mut_inverse3,0.7106034736726541,0.15733318188267098,24.1233738527221,23.1013292185898,0.00162236343192323
279,cross_rand_sequential_constructive,mut_inverse3,0.9675545637294671,0.155880092644829,26.9453133294136,25.877480084001302,0.00158098610197844
280,cross_rand_sequential_constructive,mut_PSM,0.6403626115076739,0.059613517224931,25.498292327414198,24.245016177190898,0.0016022188057028697
281,cross_rand_sequential_constructive,mut_PSM,0.8152548809645942,0.189563480624418,24.2299635702847,23.400577752207305,0.0016175123300673
282,cross_rand_sequential_constructive,mut_PSM,0.671734473849919,0.031792755141975,26.1179743709254,24.590623110592297,0.00159590483659111
283,cross_rand_sequential_constructive,mut_PSM,0.8701751687577371,0.17594978835037803,24.9350762577081,23.683630614197696,0.0016088033233263002
284,cross_rand_sequential_constructive,mut_PSM,0.7504456200020351,0.129841287166798,24.428980877613,23.1099892159771,0.0016096880918880301
285,cross_rand_sequential_constructive,mut_PSM,0.630086856620936,0.122062834310612,24.187611688552998,23.4220263144313,0.0016345360474179298
286,cross_rand_sequential_constructive,mut_PSM,0.5144292937446789,0.062891117917315,25.1693728119731,24.330630413863396,0.00161191754101457
287,cross_rand_sequential_constructive,mut_PSM,0.8014420212345559,0.0426828775971012,26.0646534409167,24.9785967371288,0.0016058214931070599
288,cross_rand_sequential_constructive,mut_PSM,0.8012613366121442,0.0804465322213313,25.3896287986073,24.526917233382697,0.0016015093211748702
289,cross_rand_sequential_constructive,mut_PSM,0.820504476690582,0.0677997138430609,25.470206674648498,23.854667508889104,0.0016073414822468399
290,cross_rand_sequential_constructive,mut_PSM,0.787475325541648,0.147115619526805,24.7271050291567,23.3186688239407,0.0016093078547770102
291,cross_rand_sequential_constructive,mut_PSM,0.8789504387567579,0.15855037840975,24.801645580493602,23.7216500382762,0.00160630436967257
292,cross_rand_sequential_constructive,mut_PSM,0.826539126908127,0.0873196493231008,25.4378695659626,24.679500597916004,0.00159582792947557
293,cross_rand_sequential_constructive,mut_PSM,0.587583180516818,0.08946576906639099,24.6428575733299,23.88931513505,0.00162463558878816
294,cross_rand_sequential_constructive,mut_PSM,0.554081327870339,0.17008910733233198,23.674407796752,23.0317711493647,0.00162396638378766
295,cross_rand_sequential_constructive,mut_PSM,0.910126869251182,0.0299440999294414,27.0430025302135,26.190930543345498,0.0015807318452625398
296,cross_rand_sequential_constructive,mut_PSM,0.7389050996871109,0.10621985010665501,25.046867160430303,23.7603837795422,0.0015980774479210699
297,cross_rand_sequential_constructive,mut_PSM,0.7095967341818741,0.11697003076334199,24.7244042203933,22.9269572743463,0.0016056481484636302
298,cross_rand_sequential_constructive,mut_PSM,0.7106034736726541,0.15733318188267098,23.891383345696898,22.6972565850431,0.0016389163011142902
299,cross_rand_sequential_constructive,mut_PSM,0.9675545637294671,0.155880092644829,26.6636982893639,25.5522228337426,0.00157433065692789
300,cross_rand_sequential_constructive,mut_RSM,0.6403626115076739,0.059613517224931,26.4823534132324,25.431073077480804,0.0015860181684862699
301,cross_rand_sequential_constructive,mut_RSM,0.8152548809645942,0.189563480624418,26.9999513647301,26.3407041401652,0.0015906028848356802
302,cross_rand_sequential_constructive,mut_RSM,0.671734473849919,0.031792755141975,26.630584869245602,25.9492703648315,0.00159063401527826
303,cross_rand_sequential_constructive,mut_RSM,0.8701751687577371,0.17594978835037803,27.208775660295,26.544244662389897,0.0015781109031354301
304,cross_rand_sequential_constructive,mut_RSM,0.7504456200020351,0.129841287166798,26.6153224168174,26.082315538404004,0.00159724207917065
305,cross_rand_sequential_constructive,mut_RSM,0.630086856620936,0.122062834310612,26.227478299221698,25.1692923726573,0.0015976661798085697
306,cross_rand_sequential_constructive,mut_RSM,0.5144292937446789,0.062891117917315,26.349998501542803,25.5140287519356,0.0015889523237974802
307,cross_rand_sequential_constructive,mut_RSM,0.8014420212345559,0.0426828775971012,26.675107062220803,25.1275205166486,0.0015905579766671899
308,cross_rand_sequential_constructive,mut_RSM,0.8012613366121442,0.0804465322213313,27.0905944948587,25.9768464173773,0.0015757623560981602
309,cross_rand_sequential_constructive,mut_RSM,0.820504476690582,0.0677997138430609,26.6243209706067,25.562222553487896,0.0015939898855911302
310,cross_rand_sequential_constructive,mut_RSM,0.787475325541648,0.147115619526805,26.612967883533802,25.4891446873214,0.00159223810808621
311,cross_rand_sequential_constructive,mut_RSM,0.8789504387567579,0.15855037840975,27.2003831773199,26.432856475586902,0.0015914490850568999
312,cross_rand_sequential_constructive,mut_RSM,0.826539126908127,0.0873196493231008,26.7173976182189,25.2135452123694,0.00159403375706612
313,cross_rand_sequential_constructive,mut_RSM,0.587583180516818,0.08946576906639099,26.4181719660058,25.831912152887803,0.00159040585285962
314,cross_rand_sequential_constructive,mut_RSM,0.554081327870339,0.17008910733233198,26.0878564293745,25.152677072974896,0.00160722695274197
315,cross_rand_sequential_constructive,mut_RSM,0.910126869251182,0.0299440999294414,26.788687336560503,25.800080027551303,0.00157882685928586
316,cross_rand_sequential_constructive,mut_RSM,0.7389050996871109,0.10621985010665501,26.2631213123784,25.3113252656468,0.00159438204549155
317,cross_rand_sequential_constructive,mut_RSM,0.7095967341818741,0.11697003076334199,26.2025139392167,24.5578541672044,0.0015945386051562196
318,cross_rand_sequential_constructive,mut_RSM,0.7106034736726541,0.15733318188267098,26.4939870773558,25.5819499366963,0.0015978593160098
319,cross_rand_sequential_constructive,mut_RSM,0.9675545637294671,0.155880092644829,27.838814239852198,26.9472271079735,0.0015859361420735099
320,cross_sequential_constructive,mut_mix,0.6403626115076739,0.059613517224931,12.2139447769384,10.832746454396998,0.0026338879260368498
321,cross_sequential_constructive,mut_mix,0.8152548809645942,0.189563480624418,10.737656028766802,10.2551596239978,0.0027317725197656306
322,cross_sequential_constructive,mut_mix,0.671734473849919,0.031792755141975,12.342845897857499,11.659517377051401,0.0026590611250051897
323,cross_sequential_constructive,mut_mix,0.8701751687577371,0.17594978835037803,10.390489438993699,9.658704827507849,0.0027546981049049795
324,cross_sequential_constructive,mut_mix,0.7504456200020351,0.129841287166798,11.278040256673698,10.719042728576301,0.0026905007104443103
325,cross_sequential_constructive,mut_mix,0.630086856620936,0.122062834310612,11.5519322261129,10.5421226451236,0.0026486032657608498
326,cross_sequential_constructive,mut_mix,0.5144292937446789,0.062891117917315,12.568685591875,11.4870022090328,0.0025967416866953504
327,cross_sequential_constructive,mut_mix,0.8014420212345559,0.0426828775971012,11.3245328707382,10.3184849132142,0.0027441469579037197
328,cross_sequential_constructive,mut_mix,0.8012613366121442,0.0804465322213313,11.482638903356,10.687506159513001,0.00272441850631799
329,cross_sequential_constructive,mut_mix,0.820504476690582,0.0677997138430609,11.574090320086501,10.7787936810568,0.0027097945174167602
330,cross_sequential_constructive,mut_mix,0.787475325541648,0.147115619526805,11.362998713279,10.16495908028,0.00269995029845516
331,cross_sequential_constructive,mut_mix,0.8789504387567579,0.15855037840975,10.750121642223698,10.282929146567,0.00275159552246172
332,cross_sequential_constructive,mut_mix,0.826539126908127,0.0873196493231008,11.096776812225599,10.199837401750301,0.0027376090461632995
333,cross_sequential_constructive,mut_mix,0.587583180516818,0.08946576906639099,12.2693309227852,11.1300324966389,0.0026225826712596
334,cross_sequential_constructive,mut_mix,0.554081327870339,0.17008910733233198,11.698110888730199,9.82368038352581,0.00262303166346484
335,cross_sequential_constructive,mut_mix,0.910126869251182,0.0299440999294414,11.286638306169698,9.94674273443773,0.0027587574859071094
336,cross_sequential_constructive,mut_mix,0.7389050996871109,0.10621985010665501,11.0470062650402,10.5265153250042,0.00270319003446547
337,cross_sequential_constructive,mut_mix,0.7095967341818741,0.11697003076334199,11.3686340830242,10.4607581691934,0.00269080481916462
338,cross_sequential_constructive,mut_mix,0.7106034736726541,0.15733318188267098,11.248231615409,9.87728963919786,0.00267399725340779
339,cross_sequential_constructive,mut_mix,0.9675545637294671,0.155880092644829,10.4842691793632,9.83865894634927,0.0027803887572619202
340,cross_sequential_constructive,mut_inverse3,0.6403626115076739,0.059613517224931,12.610775329618699,11.153801592323802,0.0026325658851892603
341,cross_sequential_constructive,mut_inverse3,0.8152548809645942,0.189563480624418,11.643656994009302,10.677666121603199,0.0027132225447924602
342,cross_sequential_constructive,mut_inverse3,0.671734473849919,0.031792755141975,12.9847814628069,11.954882127018399,0.0026025589954876797
343,cross_sequential_constructive,mut_inverse3,0.8701751687577371,0.17594978835037803,11.1610486491354,10.3939322018957,0.00277531900259247
344,cross_sequential_constructive,mut_inverse3,0.7504456200020351,0.129841287166798,11.567076117505698,10.1578963356072,0.0027215317694715803
345,cross_sequential_constructive,mut_inverse3,0.630086856620936,0.122062834310612,12.9149356513372,11.761935168523,0.00260778031136174
346,cross_sequential_constructive,mut_inverse3,0.5144292937446789,0.062891117917315,13.4346006938586,12.264384379260301,0.0025366933487431897
347,cross_sequential_constructive,mut_inverse3,0.8014420212345559,0.0426828775971012,11.4417981400277,9.91852493922708,0.00274124638858113
348,cross_sequential_constructive,mut_inverse3,0.8012613366121442,0.0804465322213313,11.5110833079588,10.591541134266599,0.0027413875610369396
349,cross_sequential_constructive,mut_inverse3,0.820504476690582,0.0677997138430609,11.7264922557746,11.1466860172913,0.0027152235104849105
350,cross_sequential_constructive,mut_inverse3,0.787475325541648,0.147115619526805,11.882266471224101,10.624508292678302,0.0026749372954275696
351,cross_sequential_constructive,mut_inverse3,0.8789504387567579,0.15855037840975,11.5813497578686,10.470372553396802,0.00272749825344813
352,cross_sequential_constructive,mut_inverse3,0.826539126908127,0.0873196493231008,11.598806993486303,10.3540314862652,0.0027305622083533803
353,cross_sequential_constructive,mut_inverse3,0.587583180516818,0.08946576906639099,12.588897747098802,11.417285897459399,0.00260157676864062
354,cross_sequential_constructive,mut_inverse3,0.554081327870339,0.17008910733233198,12.7077971935673,11.0530088547705,0.0025848753256365303
355,cross_sequential_constructive,mut_inverse3,0.910126869251182,0.0299440999294414,11.194762153889101,10.004520215795301,0.00276511443322349
356,cross_sequential_constructive,mut_inverse3,0.7389050996871109,0.10621985010665501,11.8101833230513,10.4193625226948,0.0026945321230270303
357,cross_sequential_constructive,mut_inverse3,0.7095967341818741,0.11697003076334199,12.1331459520948,11.3976016322669,0.00267603722806941
358,cross_sequential_constructive,mut_inverse3,0.7106034736726541,0.15733318188267098,12.0170676780666,11.1826121195718,0.0026858224511897306
359,cross_sequential_constructive,mut_inverse3,0.9675545637294671,0.155880092644829,11.028879956816,9.919884769854061,0.00276517689207906
360,cross_sequential_constructive,mut_PSM,0.6403626115076739,0.059613517224931,12.6928691168646,11.5972678292276,0.00261898476811442
361,cross_sequential_constructive,mut_PSM,0.8152548809645942,0.189563480624418,11.7421719656485,10.932815168347302,0.00270550394231453
362,cross_sequential_constructive,mut_PSM,0.671734473849919,0.031792755141975,12.412069482994099,11.021227277440401,0.0026607810055363002
363,cross_sequential_constructive,mut_PSM,0.8701751687577371,0.17594978835037803,11.462029995107699,10.8761309404229,0.0027216300194862304
364,cross_sequential_constructive,mut_PSM,0.7504456200020351,0.129841287166798,12.0375234076623,10.9056287019144,0.0026954269983381894
365,cross_sequential_constructive,mut_PSM,0.630086856620936,0.122062834310612,12.543962755351801,11.281886288349,0.0026380814954675004
366,cross_sequential_constructive,mut_PSM,0.5144292937446789,0.062891117917315,13.4510181613206,11.8482451245864,0.00254213967208906
367,cross_sequential_constructive,mut_PSM,0.8014420212345559,0.0426828775971012,11.8416929067433,10.635301764615999,0.0026987440834440896
368,cross_sequential_constructive,mut_PSM,0.8012613366121442,0.0804465322213313,12.119418822939801,11.213981830288501,0.00267929880377445
369,cross_sequential_constructive,mut_PSM,0.820504476690582,0.0677997138430609,11.607785942574502,11.1053364459147,0.00274287195708023
370,cross_sequential_constructive,mut_PSM,0.787475325541648,0.147115619526805,11.5822942147529,10.678088869170699,0.00272505409802883
371,cross_sequential_constructive,mut_PSM,0.8789504387567579,0.15855037840975,11.708676758948801,10.7072847145871,0.0027196532712524695
372,cross_sequential_constructive,mut_PSM,0.826539126908127,0.0873196493231008,11.7223484801036,11.071431761426599,0.0027365468815154603
373,cross_sequential_constructive,mut_PSM,0.587583180516818,0.08946576906639099,13.066203023204698,12.0713849865625,0.0026053462392302902
374,cross_sequential_constructive,mut_PSM,0.554081327870339,0.17008910733233198,12.8578936167435,11.345834087632301,0.00259868913426825
375,cross_sequential_constructive,mut_PSM,0.910126869251182,0.0299440999294414,11.2934322983134,10.382317595176302,0.00278611420974717
376,cross_sequential_constructive,mut_PSM,0.7389050996871109,0.10621985010665501,12.0068682292573,11.178455805900901,0.00267601776333243
377,cross_sequential_constructive,mut_PSM,0.7095967341818741,0.11697003076334199,11.941758291263302,10.9445070088415,0.00268035975952782
378,cross_sequential_constructive,mut_PSM,0.7106034736726541,0.15733318188267098,11.8116224369768,11.0753855281476,0.00269083453869642
379,cross_sequential_constructive,mut_PSM,0.9675545637294671,0.155880092644829,11.0617981466561,10.3675815555162,0.0027823837929044203
380,cross_sequential_constructive,mut_RSM,0.6403626115076739,0.059613517224931,11.481613570423699,9.96837665605555,0.0026723461902538603
381,cross_sequential_constructive,mut_RSM,0.8152548809645942,0.189563480624418,9.72084837773596,9.23526031544616,0.00277601611258718
382,cross_sequential_constructive,mut_RSM,0.671734473849919,0.031792755141975,11.4850532927547,10.417547588863,0.0026803655452403504
383,cross_sequential_constructive,mut_RSM,0.8701751687577371,0.17594978835037803,10.4990678503966,9.98070188133647,0.0027522363307323997
384,cross_sequential_constructive,mut_RSM,0.7504456200020351,0.129841287166798,10.3584077956132,9.81859368915495,0.00271748807322587
385,cross_sequential_constructive,mut_RSM,0.630086856620936,0.122062834310612,10.686414080892199,9.585401468449971,0.0027021078944531197
386,cross_sequential_constructive,mut_RSM,0.5144292937446789,0.062891117917315,11.7459159071034,10.649475043611199,0.0026422929068151703
387,cross_sequential_constructive,mut_RSM,0.8014420212345559,0.0426828775971012,11.2603500656147,10.660580693657801,0.0027209456357865803
388,cross_sequential_constructive,mut_RSM,0.8012613366121442,0.0804465322213313,10.614782328921699,9.795558420246909,0.00274077585514942
389,cross_sequential_constructive,mut_RSM,0.820504476690582,0.0677997138430609,11.074855925689,10.1640892000637,0.00273357863071648
390,cross_sequential_constructive,mut_RSM,0.787475325541648,0.147115619526805,9.96294680910278,9.075272648911,0.00278180003497934
391,cross_sequential_constructive,mut_RSM,0.8789504387567579,0.15855037840975,10.145034222267801,9.52421187319932,0.0027752528627475203
392,cross_sequential_constructive,mut_RSM,0.826539126908127,0.0873196493231008,10.5452948349898,9.8369092948484,0.0027598644811275
393,cross_sequential_constructive,mut_RSM,0.587583180516818,0.08946576906639099,11.198205942000802,9.996963775222449,0.0026547898199797302
394,cross_sequential_constructive,mut_RSM,0.554081327870339,0.17008910733233198,10.613415010465902,9.49477922713322,0.0026810080423611605
395,cross_sequential_constructive,mut_RSM,0.910126869251182,0.0299440999294414,10.7594295531074,10.1771387257632,0.0028126418268326304
396,cross_sequential_constructive,mut_RSM,0.7389050996871109,0.10621985010665501,10.7203096421834,9.18336057673659,0.00273887645192275
397,cross_sequential_constructive,mut_RSM,0.7095967341818741,0.11697003076334199,10.498648167844,9.560375427599311,0.00273475802982246
398,cross_sequential_constructive,mut_RSM,0.7106034736726541,0.15733318188267098,10.3245250375321,9.53720307090951,0.0027095718023717403
399,cross_sequential_constructive,mut_RSM,0.9675545637294671,0.155880092644829,9.913667964435561,8.94375454005205,0.0027938720608434004
